context,question,answer
"The user has recently started using W&B and has begun to experiment with the framework. They understand the basic concepts of logging and tracking model runs, however, they're having trouble understanding how to log data tables and visualize them within their projects. They're also interested in comparing table data across different model versions.
","Hi there! I'm trying to move forward with my project and would like to know how to log data tables within a run. Additionally, how can I visualize and compare the data from these tables across different model versions on the W&B workspace?
","To log data tables within a run, you can follow the steps below:

1. Initialize a W&B Run with `wandb.init()`.
2. Create a `wandb.Table()` object instance. Pass the name of the columns in your table along with the data for the `columns` and `data` parameters, respectively.
3. Log the table with `run.log()` as a key-value pair. Provide a name for your table for the key, and pass the object instance of `wandb.Table` as the value.

The python code would look like this:

```python
run = wandb.init(project=""table-test"")
my_table = wandb.Table(columns=[""a"", ""b""], data=[[""a1"", ""b1""], [""a2"", ""b2""]])
run.log({""Table Name"": my_table})
```
You can also pass in a Pandas DataFrame to `wandb.Table()`. 

To visualize tables in the workspace, navigate to the W&B App and select the name of your Run in your Project workspace. A new panel is added for each unique table key. 

To compare tables across model versions, you can log sample tables from multiple W&B Runs and compare results in the project workspace. You can combine rows from multiple different versions in the same table by using the table filter, sort, and grouping features in your workspace."
"The user has several experiment runs with different models and datasets. They've logged several parameters and metrics into tables on Weights & Biases, but they are struggling to get insights from them because they can't compare the data from multiple tables in one view.
","How can I compare the results from multiple runs using tables in the W&B workspace? And can I filter, sort, or group the table data?
","
Yes, you can compare the results from multiple Weights & Biases (W&B) runs using tables in the W&B workspace. 

You just need to log the table data from each run using the `run.log()` method. This creates a unique panel for each table in your workspace.

Here is an example on how to do this:

```python
run = wandb.init(project=""table-test"")
my_table = wandb.Table(columns=[""a"", ""b""], data=[[""a1"", ""b1""], [""a2"", ""b2""]])
run.log({""Table Name"": my_table})
```

Once you have tables from different runs, you can view them in your W&B workspace. There, you are able to compare the results from each run.

Moreover, W&B provides table filter, sort, and grouping features which you can use to explore and evaluate your model's results. You can access these features in your W&B workspace, navigate to the page of the specific run and find your table there.

Here is an [example workspace](https://wandb.ai/carey/table-test?workspace=user-carey) where results from different model versions are combined and compared using tables."
"
A user has recently started using W&B for their Machine Learning project. They have quite a large chunk of data that they want to record and visualize to understand how their model is performing. They heard W&B has something called ""Tables"", but they're not quite sure how to make use of it within their project or what exactly this functionality does.
","
Hey! I'm new to W&B and I heard that there's something called ""Tables"". Can you tell me how to log and visualize data tables? And would I be able to use my pandas dataframe with this feature?
","
Yes, you can definitely use the Tables feature in W&B to log and visualize your data and it supports Pandas dataframes! Here's how:

1. You start by initializing a W&B Run with `wandb.init()`.
```python
run = wandb.init(project=""table-test"")
```
2. Then, you create a `wandb.Table()` object instance. Here, you'll pass the name of the columns in your table along with the data for the `columns` and `data` parameters respectively. If you have a pandas dataframe just pass it to `wandb.Table()`.
```python
my_table = wandb.Table(columns=[""a"", ""b""], data=[[""a1"", ""b1""], [""a2"", ""b2""]])
```
3. You then log the table with `run.log()` by providing a name for your table and passing the `wandb.Table` object instance.
```python
run.log({""Table Name"": my_table})
```
Visualizing your table in the workspace is also easy. Navigate to the W&B App and select the name of your Run in your Project workspace. A new panel gets added for each unique table key. 

And you don't have to worry if you have data from multiple W&B Runs as you can log tables and compare results in the project workspace. So you can easily compare the rows from different versions in the same table. 

You can use the table filter, sort, and grouping features to explore and evaluate your model results."
"
A user is conducting multiple experiments and wants to compile their model results in an organized and structured way. They have heard about the possibility to log tables in Weights & Biases (W&B) and wish to know how to do it easily.
","
I am currently running several models and want to be able to systematically document their performances. Can you guide me on how to log tables of my models' performances in W&B?
","
Absolutely, you can log a data table in W&B by following the steps below:

1. Initiate a W&B Run with `wandb.init()`. This command initializes a new run and connects your script to W&B servers.

```python
run = wandb.init(project=""your_project_name"")
```

2. Create a `wandb.Table()` object instance. You need to provide the column names and data for your table using the `columns` and `data` parameters, respectively.

```python
my_table = wandb.Table(columns=[""column1"", ""column2""], data=[[""data1"", ""data2""], [""data3"", ""data4""]])
```

3. Then, log the table with `run.log()` as a key-value pair. For the key, input the name of your table and for the value, pass the `wandb.Table` object instance.

```python
run.log({""Table Name"": my_table})
```

This logs a table named ""Table Name"" with your data to your run.

Also note that you can pass a Pandas DataFrame to the `wandb.Table()` class. You can now view your logged table in the W&B web app by selecting the name of your run in your project workspace. A new panel is added for each unique table key.

For comparing results from multiple runs, you can log tables from them and explore these tables in your project workspace. You can use the table filter, sort, and grouping features of W&B to analyze and compare your model results."
"

The user has successfully created and logged a few Wandb.DataFrame objects, however, they now need to log data tables to better manage and visualize the outcomes of different model runs. They participate in numerous machine learning projects and understand the importance of organizing their experimental data. But they are not sure how to log data tables using W&B. 
","

How do I log data tables in Weights & Biases and how can I visualize them within the workspace?
","

To log data tables with Weights & Biases, here is a simple procedure you can follow:

1. Initialize a Weights & Biases run with `wandb.init()`. 
```python
run = wandb.init(project=""table-test"")
```
2. Create a `wandb.Table()` object instance. You'll need to pass in the names of the columns in your table, as well as the data for these columns.  
```python
my_table = wandb.Table(columns=[""a"", ""b""], data=[[""a1"", ""b1""], [""a2"", ""b2""]])
```
3. Log the table with `run.log()` using a key-value pair. The name of your table will be the key, and the `wandb.Table` object instance will be the value.
```python
run.log({""Table Name"": my_table})
```

You can also use a Pandas DataFrame instead of creating a `wandb.Table()`. 

In terms of visualization, to view the resulting table, navigate to the Weights & Biases app and select the name of your specific run in the project workspace. You will see a new panel for each unique table key you have logged. 

Furthermore, to compare across model versions, you can log sample tables from multiple Weights & Biases runs and compare them in the project workspace. The table filter, sort, and grouping features will be particularly useful for evaluating your model results."
"
The user has a collection of images stored in their local filesystem structured in a specific directory, mounted at `/mount`. They want to track this whole image dataset in their W&B project.
","
How do I track a dataset stored in my local filesystem using Artifacts in Weights & Biases?
","
You can use W&B Artifacts to track references to file systems. Below is a typical workflow for a dataset stored in a local filesystem, mounted at `/mount/datasets/mnist/`:

1. Initialization and setting up the artifact:

```python
import wandb

# Initialize a W&B run
run = wandb.init()

# Create an artifact named 'mnist' of type 'dataset'
artifact = wandb.Artifact('mnist', type='dataset')

# Add a reference to your local directory containing the dataset
artifact.add_reference('file:///mount/datasets/mnist/')

# Log the artifact in your run
run.log_artifact(artifact)
```
By default, W&B imposes a 10,000 file limit when adding a reference to a directory. Adjust this limit by specifying `max_objects=` in calls to `add_reference`.

2. Downloading the artifact when needed:

```python
# Initialize a W&B run
run = wandb.init()

# Specify the artifact to use
artifact = run.use_artifact('entity/project/mnist:latest', type='dataset')

# Download the artifact
artifact_dir = artifact.download()
```

For filesystem references, the `download()` operation copies the files from the referenced paths to construct the artifact directory.

Remember, the actual data files never leave your system. The artifact consists only of metadata about the files. You can interact with this artifact just as you would a normal artifact, including browsing its contents and viewing its versioned history in the UI."
"
The user is attempting to leverage W&B Artifacts for tracking references to file systems. They already have a filesystem mounted in their local environment and they wish to understand how to use WandB to track changes to their dataset. 
","
""How can I use WandB to track a dataset stored under a mounted filesystem in my local machine? What happens if I update the files in the dataset after tracking it with Artifacts?""
","
You can track datasets on your local filesystem using W&B Artifacts by initializing it and adding a reference to your dataset path as given in the documentation:

```python
import wandb

run = wandb.init()
artifact = wandb.Artifact('mnist', type='dataset')
artifact.add_reference('file:///mount/datasets/mnist/')
run.log_artifact(artifact)
```
Here, 'mnist' is the name of the artifact (your dataset). 

When you add a reference to a directory with `add_reference()`, W&B imposes a 10,000 file limit which you can adjust with the `max_objects=` argument. 

The files themselves won't leave your system, only metadata about the files such as sizes and MD5 checksums will be logged by the artifact. If you make changes to any file in the dataset after tracking it with an artifact, it might throw an error during `download()` as it won't be able to reconstruct the artifact since the referenced file has been overwritten.

The artifact, `mnist:latest` in this case, acts just like a normal artifact and you can interact with it in your W&B UI. Please note, the UI won't give you access to rich media like images, audio as they are not contained within the artifact."
"
The user is working with a locally stored dataset, specifically a collection of images organized in a mounted file system. They have read about W&B Artifacts, but they are unsure how to track this data using the tool. They also want to know what happens when they download these reference artifacts.
","
I have a dataset of images stored on my local file system. How do I track this and use it with W&B Artifacts? What happens when I download these referenced artifacts?
","
You can use W&B Artifacts to track references to your local file system. Here's how to do this:

1. Assuming your file system is mounted at `/mount`, and you have a dataset stored under `mnist/`, you can track it with an artifact using the following code:

```python
import wandb

run = wandb.init()
artifact = wandb.Artifact('mnist', type='dataset')
artifact.add_reference('file:///mount/datasets/mnist/')
run.log_artifact(artifact)
```

In this example `'file:///mount/datasets/mnist/'` is the path to your dataset. The `file://` prefix indicates that it's a filesystem reference. 

2. Keep in mind, W&B imposes a 10,000 file limit when adding a reference to a directory by default. You can adjust this limit by specifying `max_objects=` in calls to `add_reference`.

Downloading a reference artifact is straightforward:

```python
import wandb

run = wandb.init()
artifact = run.use_artifact('entity/project/mnist:latest', type='dataset')
artifact_dir = artifact.download()
```

For filesystem references, a `download()` operation copies the files from the referenced paths to construct the artifact directory. In this case, the contents of `/mount/datasets/mnist` would be copied into the `artifacts/mnist:v0/` directory. 

However, be aware that if an artifact contains a reference to a file that was overwritten, `download()` will throw an error as the artifact can no longer be reconstructed."
"
The user has a large dataset in a mounted filesystem location and they understand that W&B Artifacts can be used to track references to file systems. However, they are unsure about the limit on how many files can be referenced through this method and what happens if they have more than this limit from their dataset. 
","
I have a large dataset on my filesystem that I would like to reference using W&B Artifacts. Is there a maximum limit to the number of files I can reference?
","
Yes, there is a limit. By default, Weights & Biases imposes a 10,000 file limit when you're adding a reference to a directory using W&B Artifacts. However, if your dataset contains more than 10,000 files, this can be adjusted using the `max_objects=` parameter in the `add_reference` method to specify a larger limit. So, in your case, if you have more than 10,000 files in your dataset, you would write something like this:

```python
artifact.add_reference('file:///mount/datasets/your_large_dataset/', max_objects=20000)
```
Here `20000` is the new limit you're setting, which should be more than the number of files you have in your dataset."
"
The user is working with Weights & Biases Artifacts to track datasets that reside on their local filesystem. They have been successful at adding a reference to their Weights & Biases Artifacts, but they want to know how to make adjustments to the number of files that are being tracked since the default file limit doesn't accommodate their needs. Moreover, they are not sure about how the `add_reference` function works.
","
Can I increase the file limit while adding a reference in Weights & Biases? If yes, then can you explain how to do that?
","
Yes, you can adjust the file limit when adding a reference to a directory using Weights & Biases. By default, W&B imposes a 10,000 file limit when adding a reference to a directory. You may adjust this limit by specifying the `max_objects=` parameter in the `add_reference` call.

Here's a modified version of how you're likely already adding the reference:

```python
import wandb

run = wandb.init()
artifact = wandb.Artifact('mnist', type='dataset')
# Add max_objects parameter to increase file limit
artifact.add_reference('file:///mount/datasets/mnist/', max_objects=20000) 
run.log_artifact(artifact)
```

In this case, the file limit would be increased to 20,000. Be sure to adjust this number according to your specific needs."
"
The user has created a `LightningModule` for their deep learning model using PyTorch Lightning. Now, they want to log the loss and accuracy of their model using W&B, but they are not sure how to do it.
","
How do I use Weights & Biases to log the loss and accuracy of my model in PyTorch Lightning? I've created my `LightningModule` but I don't know how to log these metrics.
","
You can use the `log` method provided by the `WandbLogger` in your `training_step` or `validation_step` methods to log your metrics to W&B. 

Here's an example in the context of a `training_step` method:
```python
def training_step(self, batch, batch_idx):
    _, loss, acc = self._get_preds_loss_accuracy(batch)

    # Log loss and metric
    self.log('train_loss', loss)
    self.log('train_acc', acc)
```
In this example, `train_loss` and `train_acc` are names you assign to your logged metrics (loss and accuracy, respectively, in the example). You can replace them with whatever names you prefer. The values `loss` and `acc` come from `self._get_preds_loss_accuracy(batch)`, which is a method where you calculate your loss and accuracy. Please replace this with your own method for computing these values. 

Once you've added this bit of code, your `train_loss` and `train_acc` values will now be logged to your Weights & Biases dashboard during training.

Also, remember to instantiate and attach the `WandbLogger` to your trainer:
```python
from pytorch_lightning.loggers import WandbLogger

# Initialize a new wandb run
wandb.init()

# Create a WandbLogger
wandb_logger = WandbLogger()

# Attach the logger to your trainer
trainer = Trainer(logger=wandb_logger)

# Then you can train your model
trainer.fit(model)
```

This way, the `log` command is directly linked to W&B."
"
A user is working on a deep learning project using PyTorch Lightning for creating the model and Weights & Biases for tracking the experiment. They are successfully able to define the model but unsure about how to log their training metrics and hyperparameters for the experiment.
","
I am using W&B for my PyTorch Lighting project. What's the correct way of logging my training metrics as well as the hyperparameters with the WandbLogger?
","
To log the metrics, you can use the `WandbLogger` inside your LightningModule's `training_step` or `validation_step` methods. Here is an example of how to do it.

```python
def training_step(self, batch, batch_idx):
    _, loss, acc = self._get_preds_loss_accuracy(batch)

    # Log loss and metric
    self.log('train_loss', loss)
    self.log('train_acc', acc)
```
In this code, `train_loss` and `train_acc` are the names of the metrics you're logging.

As for logging hyperparameters, you can use the `save_hyperparameters()` method of lightning model in your `__init__` method, as shown here:

```python
def __init__(self, n_classes=10, n_layer_1=128, n_layer_2=256, lr=1e-3):
    super().__init__()
    
    # ...model definition...

    # Save hyperparameters (auto-logged by W&B)
    self.save_hyperparameters()
```

In this case, all arguments passed to the `__init__` method (`n_classes`, `n_layer_1`, `n_layer_2`, `lr`) will be automatically saved and logged by W&B."
"
The user is training a model using Pytorch Lightning and seeks to log the training loss value on each training step with W&B. However, they're unsure of how to use W&B along with a `LightningModule` to log metrics after every training step, and are thus seeking guidance.  
","
How can I use W&B to log the training loss after each step within my `LightningModule`? I have a model trained with Pytorch Lightning and I would like to visualize the loss progression.
","
In your `LightningModule` you can use WandbLogger to log your training metrics. When defining your `training_step` method, you can use `self.log('my_metric_name', metric_value)` to log your desired metric value, where 'my_metric_name' should be replaced with the name of your metric, i.e. 'train_loss' and `metric_value` should be the computed metric. 

Here is a snippet showing how you can log your loss value after each training step:

```python
def training_step(self, batch, batch_idx):
    _, loss, acc = self._get_preds_loss_accuracy(batch)

    # Log loss
    self.log('train_loss', loss)
```
In this example, `self._get_preds_loss_accuracy(batch)` could be a function you have defined that returns predictions, loss and accuracy for a given batch of data. 
Just replace the method to accommodate your specific case if you have a different method for calculating loss. This logged 'train_loss' can then be visualized with the Weights & Biases dashboard."
"
The user has just started using Weights & Biases with PyTorch Lightning. They have created a `LightningModule` for their model and they are using the `WandbLogger` to monitor their training progress. However, they are not sure where and how to log metrics for visualizations and better understanding of their model performance. 
","
How do I log metrics in my PyTorch Lightning model through W&B `WandbLogger`?
","
You can log your metrics in Weights & Biases when using the `WandbLogger` by calling `self.log('my_metric_name', metric_value)` within your `LightningModule`. This can be done in your `training_step` or `validation_step` methods.
Here is an example for logging 'train_loss' during the training step:

```python
def training_step(self, batch, batch_idx):
    '''needs to return a loss from a single batch'''
    _, loss, acc = self._get_preds_loss_accuracy(batch)

    # Log loss and metric
    self.log('train_loss', loss)
```

Be sure to replace `'train_loss'` with the name of your metric and `loss` with your computed metric value, respectively."
"
The user is working with Weights & Biases and Pytorch's LightningModule to build a model. They are able to log metrics to W&B using the `WandbLogger` and want to know how to log their metrics for evaluation. They also want to know how to save their hyperparameters and have them be automatically logged by W&B. 
","
Hey, I am using WandbLogger with LightningModule for my model building. Can you tell me how I log my metrics for training and also save my hyperparameters so that they are auto-logged by W&B?
","
Absolutely, you log your metrics to Weights & Biases when using the `WandbLogger` by calling `self.log('my_metric_name', metric_value)` within your `LightningModule`, such as in your `training_step` or `validation_step` methods.

To save and auto-log your hyperparameters in Weights & Biases, you can use the `self.save_hyperparameters()` function within your `__init__` method. This function will log all the arguments provided as hyperparameters to be observed in your W&B dashboard.

Below is a model snippet that demonstrates how this can be done:

```python
from pytorch_lightning import LightningModule

class My_LitModule(LightningModule):

    def __init__(self, n_classes=10, n_layer_1=128, n_layer_2=256, lr=1e-3):
        '''method used to define our model parameters'''
        super().__init__()

        # model layer definitions
        # ...

        # save hyper-parameters to self.hparams (auto-logged by W&B)
        self.save_hyperparameters()

    def training_step(self, batch, batch_idx):
        '''needs to return a loss from a single batch'''
        _, loss, acc = self._get_preds_loss_accuracy(batch)

        # Log loss and metric
        self.log('train_loss', loss)
        #...
```
In this code, hyperparameters are auto-saved by calling `self.save_hyperparameters()` in the model's initialization. Later in the `training_step` method, the loss metric is logged to Weights & Biases using `self.log()`.
"
"
The user is a data scientist who is conducting a series of experiments on a new deep learning model. They recently integrated their pipeline with Weights and Biases and they are logging different versions of their models created at different stages of their run. They want to understand the difference between Model Version, Model Artifact, and Registered Model, as they came across these terms in the documentation. But they want to be sure how these different elements related to their models, and why should they care about these concepts?
","
Hi W&B Bot, can you help me distinguish between Model Version, Model Artifact, and Registered Model in Weights and Biases? How are they different, and how do they relate to my machine learning model?
","
Sure, I’d be happy to explain these terms.

In W&B:

- A **Model Version** is a package of data & metadata describing a trained model. It's like a snapshot of your model at a specific stage of training which helps in reproducibility. The contents of it are immutable which means once created, a model version cannot be changed.

- A **Model Artifact** is a sequence of Model Versions, often tracking the progress of model training. It provides a historical record of the improvement or variations of your model over time. Every new model version from a run gets added to the same model artifact which gives you a chronological view of all models from the same run.

- A **Registered Model** is a selection of linked Model Versions, often representing all the candidate models for a single modeling use case or task. Essentially, it can be more like a collection or a folder of ""bookmarks"", each of which is a link to a Model Version.

Remember, a Model Version always falls under one and only one Model Artifact and can belong to zero or more Registered Models. To put it in terms of programming, if you consider a Model Artifact as a class, then Model Version is an object of that class. A Registered Model, on the other hand, can contain objects from multiple classes.
"
"
A user has been training a model using Weights & Biases, saving multiple versions of it during the training process. Now, they're trying to understand the differences and relationships between Model Version, Model Artifact, and Registered Model, as well as how to efficiently organize and access them.
","
Hey, I'm a bit confused about concepts in W&B. What's the difference between a Model Version, a Model Artifact and a Registered Model? And how can I use them whilst training my model?
","
Sure, let's break down these concepts.

- **Model Version:** This is essentially a package of data & metadata that describes a trained model. It is immutable and usually stores the files produced from the model serialization process.

- **Model Artifact:** A Model Artifact is a sequence of Model Versions. Think of it like checkpoints of a model during its training process. Each model being trained corresponds to its own Model Artifact, and each checkpoint becomes a Model Version within that Artifact. It is also possible to alias specific versions for easier reference.

- **Registered Model:** A Registered Model is a collection of links to Model Versions. You can think of it like a folder of ""bookmarks"". Each ""version"" of a Registered Model is actually a link to a Model Version.

One thing to note is that a Model Version always belongs to one and only one Model Artifact, but may belong to zero or more Registered Models.

These concepts are used to manage your model versions as you train, test, and deploy them. Following this categorization allows for an efficient way to track the progress of your training and to manage the numerous renditions of your models."
"
The user is working on a machine learning project with various models. They have been periodically saving checkpoints of their models' versions and now they want to understand how they can manage the various versions using W&B. The user specifically needs to understand the role of versions, artifacts and registered models in managing their models.
","
Hi W&B team, so I've been training multiple models and I have multiple saves. Now, I'm puzzled by terms like Model Version, Model Artifact and Registered Model in W&B. Can you help me understand what these terms mean and how can I use them to manage my models efficiently?
","
Hello there, sure I'd be happy to help!

1. **Model Version:** This is simply a package of data & metadata that describes a trained model. Generally, you'd want to store any files produced from your model library's serialization process. 

2. **Model Artifact:** This is a sequence of logged Model Versions. It can alias specific versions so downstream consumers can use these aliases. So, in your case where you're saving checkpoints when training, each checkpoint corresponds to a Model Version in a model's respective Model Artifact. Hence, your models will have their own Model Artifacts with all logged versions.

3. **Registered Model:** This is essentially a set of links to Model Versions. It is accessed similarly to Model Artifacts but it functions more like a folder of bookmarks, where each version of a Registered Model is a link to a Model Version in a Model Artifact.

So, in brief, each of your saved models is a Model Version, which belongs to its Model Artifact. And all these versions can be managed as links in a Registered Model."
"
The user is trying to understand how to manage their models through W&B and is particularly interested in the various components and terminologies such as Model Version, Model Artifact, and Registered Model. They also want to know the relationships and differences between them.
","
Can you explain what the main differences are between a Model Version, a Model Artifact, and a Registered Model in Weights & Biases? And how are they related? 
","
Sure! In W&B, these three entities have the following roles:

- **Model Version**: This is a package of data & metadata describing a trained model. This data is immutable and can include any files & formats you consider appropriate to store your model architecture & learned parameters. 

- **Model Artifact**: This is essentially a sequence of Model Versions – it acts like a track of your model's evolution during training. It can alias specific versions so that downstream consumers can refer to these aliases. Each individual model being trained corresponds to its own Model Artifact, and each checkpoint during training corresponds to its own Model Version of the respective Model Artifact. 

- **Registered Model**: This is a set of links to Model Versions. Think of it as a folder of ""bookmarks"" to different Model Versions. It can be accessed like Model Artifacts but acts more like a collection of Model Versions. 

Please note, a Model Version will always belong to one and only one Model Artifact, but it may belong to zero or more Registered Models. If you're familiar with W&B Artifacts, a Model is essentially an Artifact with `type=""model""`, a Model Version is an Artifact Version of such an Artifact, and a Registered Model is a collection of Artifact Versions of `type=""model""`."
"
The user has been successfully using W&B for their model training. They've started exploring Model Management and have been logging multiple model versions during training runs. They are thinking of structuring their model versions using Model Artifacts and Registered Models.
","
Hey, I've been training multiple models and each time I save checkpoints. I noticed there's something called a Model Artifact. Can these be used to group my model versions? Also, how is it different from a Registered Model?
","
Yes, in W&B, a **Model Artifact** is essentially a sequence of logged Model Versions and it can be used to track the progress of your model training. Each time you save a checkpoint, it can correspond to a Model Version of the respective Model Artifact. Model Artifacts can also **alias** specific versions so that downstream consumers can pin to such aliases.

The difference between a Model Artifact and a **Registered Model** is that a Registered Model acts more like a collection of ""bookmarks"". It is a set of links to Model Versions and can be accessed in the same way as Model Artifacts. Each ""version"" of a Registered Model is actually a link to an Model Version belonging to a Model.

Just to clarify some terms:
- **Model Version:** a package of data & metadata describing a trained model
- **Model Artifact:** a sequence of logged Model Versions - often tracking the progress of training
- **Registered Model:** a selection of linked Model Versions - often representing all the candidate models for a single modeling use case or task

A Model Version always belongs to one and only one Model Artifact, yet may belong to zero or more Registered Models. If you're already familiar with W&B Artifacts, you can think of a Model as an Artifact with `type=""model""`, a Model Version as an Artifact Version belonging to such an Artifact, and a Registered Model as an Artifact Collection of `type=""model""`."
"
The user is trying to track and version their data in a W&B run. They are not clear on how to start tracking data using W&B and want to know if there is a feature that would allow them to track datasets stored in a remote filesystem (cloud storage).
","
Hello, I'm using W&B for my data science project and I'm storing most of my datasets on a remote filesystem (cloud storage). Is there a way in W&B to start tracking and versioning these remote datasets?
","
Yes, you can indeed track datasets stored in remote filesystems like cloud storages (S3 or GCP). You can do this using W&B Artifacts. The `run.log_artifact()` function will let you start tracking and versioning any data, including files or directories. If your data is in a remote filesystem, you can track it by [reference](https://docs.wandb.ai/guides/artifacts/track-external-files), using a link or Uniform Resource Identifier (URI) instead of the raw contents."
"The user is using Weights & Biases Artifacts for the first time. They want to track and version their datasets for better organization and reproducibility. They are attempting to upload their first dataset but wants some clarity on how to properly define an artifact.
","Hey, I'm new to using W&B Artifacts. How do I give a type and name to the artifact when I'm uploading my dataset?
","
Absolutely, you can define an artifact by providing it a type and a name. The type could be something like `""raw_data""`, `""preprocessed_data""`, or `""balanced_data""` based on the nature of your dataset. The name is typically something descriptive and unique to the dataset. For instance, you could use `""imagenet_cats_10K""` if you're tracking a dataset of 10,000 cat images from ImageNet. 

You do this when you are logging an artifact with the `run.log_artifact()` function. For example:

```
artifact = wandb.Artifact('my_dataset', type='raw_data')
run.log_artifact(artifact)
```
When you log the same name again, W&B automatically creates a new version of the artifact with the latest contents."
"The user has already set up their system for Weights & Biases and is creating training and validation splits for their dataset. They have been using `run.log_artifact()` to upload their data for version control but are now looking to organize their various versions better.
","Hi, I've been uploading my dataset versions to W&B but I have multiple versions now and it's becoming confusing. Is there a feature to alias or tag my important versions, so I can easily spot them?
","
Yes, Weights & Biases Artifacts provides an Alias feature, allowing you to set a custom name like `""best""` or `""production""` to your important versions. This way, you can easily distinguish between various versions in your lineage of artifacts. Here is how you can do it:

```
# Assuming 'run' and 'artifact' are already configured
artifact.aliases.append(""best"")
run.log_artifact(artifact)
```

This will append the alias ""best"" to your artifact, helping you to easily identify and highlight important versions. For more information, refer to the [W&B Artifacts documentation](https://docs.wandb.ai/artifacts)."
"The user is working with W&B Artifacts and would like to keep track of different versions of their dataset. They are specifically interested in how they can label different important versions in a lineage of artifacts and what terms they should use.
","""Hey, so I'm using W&B Artifacts and I'm trying to keep track of various versions of my dataset. How can I highlight the important versions in a lineage of artifacts?""
","W&B Artifacts allows you to highlight important versions in a lineage of artifacts using aliases. You can set an alias to any name like ""best"" or ""production"" for the versions you want to highlight. Here is an example snippet:
```
     # Create an artifact reference
     artifact = wandb.Artifact('artifact_name', type='your_artifact_type')

     # Add files to artifact
     artifact.add_file('file_path')

     # Log the artifact
     run.log_artifact(artifact)
     
     # Set an alias
     artifact.add_alias('best')
```
This code snippet will set the alias 'best' for the given artifact. To set the alias 'production', you would simply replace 'best' with 'production' in the `artifact.add_alias` line."
"
The user is trying to use the core Artifacts features in W&B for the first time. They have some datasets and want to keep a track of the versions and make sure the right one is used for the right processes. The user wants to understand how to start tracking and versioning their datasets, and work with versions once they're set up.
","
Hello! I'm new to W&B and trying to understand how Artifacts work. How can I start tracking and versioning my datasets with Artifacts? And once I've logged a dataset, can I create a new version of it by logging it again?
","
Sure, welcome to W&B! Artifacts are indeed a powerful tool for dataset management. To start tracking and versioning your data - which can be any files or directories, you can use the `run.log_artifact()` function. If your datasets are in a remote filesystem like cloud storage in S3 or GCP, you can track them by reference using a link or URI instead of the raw contents [\[reference\]](https://docs.wandb.ai/guides/artifacts/track-external-files).

To version your datasets, you can simply define an artifact by giving it a type (like `""raw_data""`, `""preprocessed_data""`, `""balanced_data""`) and a name (such as `""imagenet_cats_10K""`). When you log the same name again, W&B automatically creates a new version of the artifact with the latest contents."
"
The user wants to perform a hyperparameter sweep using the W&B's Sweep functionality to tune their machine learning model's parameters. They want to define the search space for this sweep and start it but they're not sure how to set these things up, including how to initialize the sweep and start it.
","
Hi! I'm trying to run a hyperparameter sweep using W&B for my machine learning model. How can I define the search space for my sweep, and once that's configured, how do I initialize and start this sweep?
","

To define the search space for sweep, you specify what hyperparameters you want to sweep over in a dictionary. For instance:

```python
sweep_configuration = {
    'method': 'random',  # the sweep will randomly select a set of values
    'metric': {'goal': 'minimize', 'name': 'score'},  # the metric to optimize
    'parameters': 
    {
        'x': {'max': 0.1, 'min': 0.01},  # range for 'x'
        'y': {'values': [1, 3, 7]},  # values for 'y'
     }
}
```

Above, 'method' field specifies the search method which is 'random' here meaning it will randomly select a set of values from the specified range. 'metric' field specifies the metric to optimize which is 'score' here and the goal is to 'minimize' it. The 'parameters' field specifies the range or values for your hyperparameters.

Once you have defined your sweep configuration, you can initialize the sweep:

```python
sweep_id = wandb.sweep(sweep=sweep_configuration, project='my-first-sweep')
```
Here, `wandb.sweep` command is used to initialize your sweep and assign it to a variable `sweep_id`.

Now, to start the sweep, you can use the `wandb.agent` API call:

```python
wandb.agent(sweep_id, function=main, count=10)
```
This starts the W&B sweep with the specific `sweep_id`. 'function' field specifies the main function to run and 'count' field specifies the number of runs to execute.

You can visualize your results in the W&B Sweep dashboard in your project."
"
A user has been running experiments with W&B and recently came across the ""sweep"" functionality. They've read about it in the documentation and they understand what a sweep is conceptually, but they are not sure how to correctly initiate it for the first time. 
","
I'm learning about sweeps in W&B and I gathered some data. Now I'd like to start a sweep using a random search method. How do I set this up and start it?
","
Absolutely, you're on the right track. Here's how you can initiate a sweep with the random search method:

Firstly, define your objective function like below:
```python
def objective(config):
    score = config.x ** 3 + config.y
    return score

def main():
    wandb.init(project='my-first-sweep')
    score = objective(wandb.config)
    wandb.log({'score': score})
```
Secondly, define the parameters you want to experiment over in the search space (aka sweep configuration).
Here is an example:
```python
sweep_configuration = {
    'method': 'random',
    'metric': {
        'goal': 'minimize',
        'name': 'score'
    },
    'parameters': {
        'x': {'max': 0.1, 'min': 0.01},
        'y': {'values': [1, 3, 7]},
    }
}
```
Then, initialize the sweep like this:
```python
sweep_id = wandb.sweep(sweep=sweep_configuration, project='my-first-sweep')
```
Finally, start the sweep using the `wandb.agent` API call:
```python
wandb.agent(sweep_id, function=main, count=10)
```
This will start your sweep with a random search method, and it will log a `score` for each set of hyperparameters it tries. 

Don't forget to replace `'my-first-sweep'`, `objective`, and parameters in `sweep_configuration` with your own project name, your function, and your parameters respectively. The `count` argument in `wandb.agent` specifies the number of runs to execute."
"The user has recently learned about W&B Sweeps and is trying to implement it in their machine learning project to perform hyperparameter optimization. However, they are unsure of how to start a Sweep using the 'wandb.agent' API call.
","Hi there, I've created my Sweep configuration and initialized my Sweep too with wandb.sweep(). Can you guide me on how I can start this Sweep using wandb.agent?
","
Sure, to start a W&B Sweep, you need use the `wandb.agent` API call. Here's an example of how you can do it:

```python
wandb.agent(sweep_id, function=main, count=10)
```

In the code above, `sweep_id` is the identification number that was returned when you initialized your sweep. The `function` parameter should be the name of the function you are looking to optimize. The `count` parameter is optional and it defines the number of runs to execute.

Remember, your function should take in a `config` object, access parameters via `wandb.config`, and must log the metric that you want to optimize."
"The user is working on a project that involves running hyperparameter sweep. They have set up the search space using a sweep configuration dictionary, but they seem confused about how to actually start the sweep and visualize the results.
","Hey W&B bot! I believe I've defined my hyperparameter search space correctly, but how do I actually start the sweeping? And is there an easy way to visualize the results of the run?
","Sure, starting a sweep is a simple two-step process:

First, you have to initialize the sweep with your configured parameters. Here's how to do this:
```python
sweep_id = wandb.sweep(sweep=sweep_configuration, project='my-first-sweep')
```
This command will return a sweep identification number that you'll need to start the sweep.

Then, to start the sweep you use the [`wandb.agent`](../../ref/python/agent.md) API called with your `sweep_id` and the function you're executing, along with a count of runs:
```python
wandb.agent(sweep_id, function=main, count=10)
```
This will start your W&B sweep with the specified configuration.

You can then visualize your results on the W&B Sweep dashboard, which provides interactive charts such as parallel coordinates plots and parameter importance analyses. Just open your project to see your live results. You should be able to construct rich, interactive charts with just a few clicks. More info can be found in the [reference docs](https://docs.wandb.ai/guides/sweeps/initialize-sweeps)."
"
The user is trying to implement a hyperparameter sweep in order to optimize their machine learning model. They have defined their objective function and their sweep configuration dictionary. However, they're not quite sure how to initiate the sweep and start it.
","
Hey @wandbot, I have my objective function and my sweep configuration set up, but I'm confused about how to actually start the sweep process. Can you help me with that?
","
Sure, I'd be happy to help! You're already halfway there. The next step is to initialize the sweep using the `wandb.sweep()` function, passing it your configuration dictionary and your project name. Here's how you could do it:

```python
sweep_id = wandb.sweep(sweep=sweep_configuration, project='my-first-sweep')
```
This gives you a unique sweep identification number, which you can then use to start the Sweep with the `wandb.agent()` API call. Passing it your sweep_id, your objective function and the number of runs (for example 10). 

```python
wandb.agent(sweep_id, function=main, count=10)
```

And there you go! Your sweep will now start running. You can visualize your results on the W&B Sweep dashboard.

Keep in mind that all these steps have to be in the same python script or jupyter cell, it's vital for W&B to keep track of everything in the same environment.

You can find more information about initializing sweeps [here](https://docs.wandb.ai/guides/sweeps/initialize-sweeps)."
"
The user is trying to customize a chart built within W&B. They have successfully made a scatter plot, but are struggling to change it into a line plot. Furthermore, they would like to save this specific visual configuration as a preset for later uses so they do not have to manually change to the same configuration over and over again.
","
Hello, I've managed to create a scatter plot on W&B using my runsets history data. What I'd like to do is switch from a scatter to a line plot for better visual comprehension. Could you guide me on how I can do this? Further, is there a way to save this customization as a preset so I can reuse it in the future?
","
Yes, you can definitely customize the chart to a line plot and save your settings as a preset. 

Follow the steps below:

1. Click ""**Edit**"" on your chart to change the Vega spec.
2. In the Vega spec editing panel, perform the following adjustments:
    - To switch your chart from scatter to line, change the value of “mark” from “point” to “line”.
    - Add titles for the plot, legend, x-axis, and y-axis by setting the “title” for each field.
    - If there is any unused field, such as “size”, you can remove it.
3. Once you are satisfied with your adjustments, click ""**Save as**"" at the top of the page to save this configuration as a preset.

Now, you should see your line plot and you can easily select your preset for future charts, saving you time."
"
The user is trying to plot their precision and recall results from their model training on a scatter plot within Weights & Biases (W&B). They want to customize the chart to a line plot instead and also want to add plot titles and axis titles. Furthermore, they want to save this customized chart as a preset for reuse in the project.
","
I have set up a scatter plot of my precision vs recall results using W&B, but I would prefer to make a line plot, is there an easy switch? Also, how do I add titles to my plot and axis and then save this customization as a preset for future use in the project?
","
Yes! You can easily switch from a scatter plot to a line plot and add titles to your plot and axes on W&B. Click **Edit** to change the Vega spec for this built in chart. Update the Vega spec to customize the visualization as follows: 

- Add titles for the plot, legend, x-axis, and y-axis by setting “title” for each field.
- Change the value of the parameter “mark” from “point” to “line” to switch to a line plot.
- Remove any unused fields like “size”.

After making these changes, to save this customized chart as a preset for future use in your project, simply click **Save as** at the top of the page. This way you can easily reuse this customized chart in your project in the future."
"
The user is trying to customize a chart in Weights & Biases and would like to change the scatter plot to a line plot. They have been analyzing their model's Precision-Recall curve and would like to adjust the visualization to better suit their needs. They also need to know how to save this modified chart as a preset for future use in their project. 
","
Hi, I've been using Weights & Biases to determine the performance of my model. I found a scatter plot of precision vs. recall on the platform, but I want to make it a line plot. Plus, I'd like to add some titles to make it more understandable. How can I do this? Also, is there a way I can save this customized visualization to quickly reuse it in my project later?
","
Absolutely, you can customize your chart by doing the following:

1. Click **Edit** to change the Vega spec of your chart.
2. Modify the ""title"" for each field (plot, legend, x-axis, y-axis).
3. Change the value of “mark” from “point” to “line”.

After making these changes, you can save this as a preset for later use in your project. Simply click on **Save as** at the top of the page. This saves your modified visualization and lets you use it elsewhere within this project.

Remember, you are customizing the Vega spec and saving it for your model's Precision-Recall visualization, but the same method can be applied to any other chart in your W&B workspace."
"
The user is trying to customise their run plot in wandb, specifically interested in transforming the scatter plot into a line plot. The user also wants to include legends, titles for x and y axes, and wants to know how to remove unnecessary fields. Importantly, the user plans on reusing this setting for a project and thus is looking for a way to save the customised plot. 
","
I'm trying to customise my chart in wandb. I'd like to transform it from a scatter plot to a line plot and add legends and titles for x and y axes. Also, I noticed there's a field that isn't being used and I'd like to remove it. Once that's done, how can I save this customised plot as a preset for my project?
","
Sure, you can modify the Vega specification to customise your chart. Here's how you can do that:

1. Click ""Edit"" on the plot window. This will allow you to modify the Vega spec for your chart.
   
2. For your requirements:
   - To change the plot from scatter to line, update the value of ""mark"" from ""point"" to ""line"".
   - Add titles for the plot, legend, x-axis and y-axis by setting ""title"" for each field.
   - To remove an unused field, simply delete that particular field.

After making these changes, you can save this as a preset for subsequent use in your project. Just click on ""Save as"" at the top of the page. This will save your custom Vega spec, which you can apply to other charts in your project."
"
The user is attempting to customize a chart on Weights & Biases. They have used the platform to create various scatter plots for their project and wish to understand how they can switch to line plots, add unique titles for different elements and remove any unused fields. 
","
""Hey, I've been using W&B to create some scatter plots. But now I want to change them to line plots, add some distinct headings for the plot, legend, x-axis, and y-axis. Also, I have an unused 'size' field that I want to remove. How can I do this?""
","
In Weights & Biases, you customize your visualization by updating the Vega spec. To change your scatter plot to a line plot, set the value of ""mark"" from ""point"" to ""line"". If you want to add titles for your plot, legend, x-axis, and y-axis, you can set ""title"" for each of these fields. And to remove the unused ""size"" field, you just take it off the spec document. 

From the W&B interface, click on **Edit** to change the Vega spec for your chart. After you've made these changes, you can save this as a preset for future use by clicking **Save as** at the top of the page. You can now use this preset elsewhere in your project. 

Here is what the result looks like, along with an ROC curve:

![](https://paper-attachments.dropbox.com/s\_5FCA7E5A968820ADD0CD5402B4B0F71ED90882B3AC586103C1A96BF845A0EAC7\_1597442868347\_Screen+Shot+2020-08-14+at+3.07.30+PM.png)"
"
A user is working on different experiments with W&B and aims to categorize the runs with tags that would help in better organization of various projects. The user isn't sure how to add tags to W&B runs after the runs have been logged. They might want to filter or group the results based on the experiment type or highlight the best experiments for future reference, thus, planning to utilize tagging feature.
","
I'm experimenting with different runs, and I realized that it would be much organized if I added tags to my runs even after they're logged. Can I do that with W&B and If so, how can I add tags after a run has been logged?
","
Yes, there are several ways to add tags after runs have been logged to W&B:

1) **Using the Public API:** After a run, you can update tags using the W&B Public API like so:

```python
run = wandb.Api().run(""{entity}/{project}/{run-id}""})
run.tags.append(""new-tag"") # you can add your preferred tag here 
run.update()
```
You can find more details about the Public API usage in the reference documentation or guide.

2) **Project Page:** This method is best suited to tagging large numbers of runs with the same tag or tags. In the runs sidebar of the Project Page, click the table icon in the upper-right to expand the sidebar into the full runs table. Hover over a run in the table to see a checkbox on the left or look in the header row for a checkbox that will allow you to select all runs. Click the checkbox to enable bulk actions. Select the runs to which you'd like to apply your tag(s). Click the Tag button above the rows of runs. Then, type a tag you'd like to add and click ""Add"" below the textbox.

3) **Run Page:** This method is best suited to applying a tag to a single run by hand. In the left sidebar of the Run Page, click on the Overview tab and you will be able to add tags there.

Remember to replace the placeholders ""{entity}"", ""{project}"", and ""{run-id}"" with your specific organization, project, and run identifiers in the code provided.
"
"
A user is in the middle of experimenting with a model training where they are logging runs on Weights & Biases. During certain intervals of the training or under certain conditions, they want to add a tag to the run but are unsure of how to do so dynamically.
","
Hey there, quick question. Can I add a tag to a run during its training? Like, if my model crosses a certain loss threshold, can I add a tag like 'release_candidate'?
","
Absolutely, you can add tags to a run dynamically during training. Here is an example of how to do that:

```python
run = wandb.init(entity=""entity"", project=""myproject"", tags=[""debug""])

if current_loss < threshold:
    run.tags = run.tags + (""release_candidate"",)
```
In this instance, once your `current_loss` crosses the defined `threshold`, the tag ""release_candidate"" will be added to your run. You can replace ""release_candidate"" with any tag of your choice."
"
A user is conducting several different training runs on his deep learning model and is finding it difficult to keep track of which runs were for debugging purposes and which ones the user considered to be release candidates. The user recently learned that W&B allows tagging of runs which can aid in keeping his experiment organized.
","
Hey, I am quite new with this platform. I'd like to organize my training runs better. Can I modify the tags of a run after it has been logged to W&B? If possible, how can I do this?
","
Yes, it's possible to update the tags of a run even after it has been logged to Weights & Biases. There are several ways for you to do this.

**Method 1: Using the Public API**
After a run is created, you can update the tags using W&B's public API:
```python
run = wandb.Api().run(""{entity}/{project}/{run-id}""})
run.tags.append(""tag1"")  # replace ""tag1"" with the tag you want to add
run.update()
```
Make sure to replace `{entity}`, `{project}`, and `{run-id}` with your specific details.

**Method 2: From the Project Page**
This method allows you to tag multiple runs at a time. 
1. In the [runs sidebar](../pages/project-page.md#search-for-runs) of the Project Page,  click the table icon in the top-right to expand into the full runs table.
2. Hover over a run to see a checkbox on the left or look in the header row for a checkbox to select all runs.
3. Click the checkbox to enable bulk actions. Select the runs to which you'd like to apply your tag(s).
4. Click the Tag button above the rows of runs.
5. Type a tag you'd like to add and click ""Add"" below the text box.

**Method 3: From the Run Page**
This method is best suited to applying a tag to a single run manually. 
1. In the left sidebar of the Run Page, click the top Overview tab.
2. Look for the Tags section where you can add your desired tags.

These methods should help you manage your training runs better by allowing you to update the tags of each run based on their purpose or status."
"
The user has just completed a batch of runs and noticed that one of the runs performed exceptionally well. They want to mark this particular run for future reference or review.
","
Hi, I just finished a batch of runs and one of them performed really well. Can I add a tag to that single run after it has finished? If yes, how would I do that?
","
Yes, you can add a tag to your run even after it has completed. 
Here is one way to do it from the Run Page:

1. Navigate to the left sidebar of the Run Page
2. Click the top Overview. From there you can manually apply the necessary tag to your single run.

Alternatively, you can also use the W&B Public API to do the same:

```python
run = wandb.Api().run(""{entity}/{project}/{run-id}"")
run.tags.append(""your-tag"")  # replace ""your-tag"" with your actual tag
run.update()
```
Please replace {entity}, {project}, and {run-id} with your actual entity name, project name, and run id."
"
The user is experimenting with tagging runs in W&B and wants to add a tag to a single run after it's already been logged. They're unfamiliar with the process and need guidance.
","
Hi, I have already logged a run and I need to add a tag to it now. Is there a way to do that directly from the run page?
","
Yes, there is! 

You can add tags to a single run from the Run Page:

1. Navigate to the Run Page in Weights and Biases.
2. In the left sidebar, click the top ""Overview"" section.
3. This should open the input area where you can add your tag. Type the tag you want to add and hit enter. 

And that's it, your tag has been added to the run!"
"
A user is a team administrator of a Machine Learning project using Weights & Biases. They have received applications from a few interns who wish to join the team. However, the user is confused about the process for adding these new interns onto the W&B project team.
","
How do I invite new members to our team on W&B? Do they need to have an account beforehand?
","
Yes, the team members need to have a W&B Account already before you can invite them to the team. The steps for inviting members to your team are:

1. Navigate to https://wandb.ai/subscriptions. 
2. Select **Manage members**.
3. A model will appear. Provide their username or email in the **Email or Username** field, select the team that they'll be joining from the **Team** dropdown menu, and select a role type for them from the **Organizational Role** dropdown menu.
4. Click the **Add** button to add them in your team.

Note: If you have an Enterprise account, please contact your Account Executive to invite new members to your team."
"
The user is a lead of a Machine Learning team and they are using Weights & Biases (W&B) for training their models. The user just created a team on W&B and wants to make their team's profile more personal. They think that adding an introduction to their team's profile and showcasing the projects and reports could help in highlighting their team's work.
","
How can I customize our W&B team's profile page to include an introduction and highlight our best projects and reports?
","
You can customize your team's profile page on W&B to include an introduction and showcase your most impressive reports and projects. Here are some things you could do:

1. **Highlight your best research** to visitors by showcasing your best public reports. This can serve as a testament to the quality of work your team produces.
   
2. **Showcase the most active projects** on your team's profile page to make it easier for teammates to find them. This can streamline navigation through your team's projects.
   
3. **Find collaborators** by adding external links to your company or research lab's website and any papers you've published. This could attract potential collaborators.

This way, you provide valuable insight into your team's work and findings to both team members and the public."
"
A W&B user just created a team account and wants to organize multiple projects and members on their new admin dashboard. They want to invite new team members but unsure how to do this.
","
How can I invite other members to my W&B team?
","
To invite new members to your W&B team, just follow these steps:

1. Ensure the team member already has a [W&B Account](https://app.wandb.ai/login?signup=true). 
2. Navigate to https://wandb.ai/subscriptions. 
3. Select **Manage members** in the dashboard.
4. An interface will appear. Input the username or email for the **Email or Username** field, select a team for them to join from the **Team** dropdown menu, and choose a role type from the **Organizational Role** dropdown menu.
5. Finally, hit the **Add** button to extend the invitation.

Please note that only the admin of an organization can perform these actions and if you have an Enterprise account, you should contact your Account Executive to invite new members to your team."
"
A user is the admin of a Weights & Biases team. The user is trying to organize their team effectively to avoid duplicated work and to better manage progress. The user is interested in inviting new members to the team and making relevant resources easily accessible to the team. 
","
Hey, I am the admin for a W&B team. Can you guide me through the process of inviting someone new to the team?
","
Absolutely! Inviting new members to your W&B team involves a few steps:
1. Firstly, ensure that the team member already has a [W&B Account](https://app.wandb.ai/login?signup=true). 
2. Next, navigate to https://wandb.ai/subscriptions. 
3. Then, select **Manage members**.
4. A model will appear. Enter the username or email of the new team member in the **Email or Username** field, select a team for them to join from the **Team** dropdown menu, and select a role type from the **Organizational Role** dropdown menu.
5. Finally, click on the **Add** button.

Just keep in mind, if you have an Enterprise account, you should contact your Account Executive to invite new team members."
"The user is a project leader or admin of a team that uses W&B to manage their ML team's progress. They have a new member who they are trying to add to the team on the W&B platform but are facing difficulties in doing so.
","Hi, can you help me with adding a new team member to our W&B project? I am not sure how to go about it.
","Sure, adding a new team member is simple. Here are the steps:

1. Make sure the team member has a W&B Account. If not, they can create one [here](https://app.wandb.ai/login?signup=true).
2. In your account, navigate to https://wandb.ai/subscriptions.
3. Select **Manage members**.
4. A model will appear. In the **Email or Username** field, provide the username or email of the team member you wish to invite. 
5. Select a team for them to join from the **Team** dropdown menu, and select a role type from the **Organizational Role** dropdown menu.
6. Finally, select the **Add** button.

> Please note that if you have an Enterprise account, you need to contact your Account Executive to invite new members to your team.
"
"
The user is working on a machine learning project, classifying images from the Fashion MNIST dataset using a neural network. They are using Weights & Biases for track their experiment, specifically for logging the training loss and iterations. The user is seeing the terms ""logging"" and ""tracking"" and they are unsure about the difference between the two.
","
What's the difference between logging and tracking in Weights & Biases? Seems like they're used interchangeably in the code snippet.
","
In the context of Weights & Biases, the terms ""logging"" and ""tracking"" are often used interchangeably. However, there is a subtle difference between the two. ""Logging"" refers to the process of recording specific metrics or information during your experiment, like loss values, accuracy, etc., as shown in the code above. On the other hand, ""tracking"" is a more general term that often encompasses logging and implies observing and recording any data or aspects of your experiment that can provide valuable insights for later analysis. So, in your case, when we say `wandb.log()`, it's about logging explicitly specified metrics. The entirety of this process can be viewed as tracking your machine learning experiment run."
"
The user has set up a simple neural network using the W&B tracking and logging capabilities in their script. They want to understand how to observe and understand the loss being logged during the model training phase. They're particularly interested in why all losses and average loss are logged.
","
Why am I logging both the average loss and all losses for each iteration when training the model? What's the difference?
","
In the script, W&B logs both the average loss and all losses for each iteration in the model training phase. 

- The average loss, ""train/loss"", is computed by taking the sum of all loss values and then dividing by the number of training instances. This provides a meaningful representation of how well the model is learning and improves over iterations. Tracking this number helps you to understand if the model is learning correctly and efficiently.

- The function ""train/losses"" logs all loss values into a Histogram. This allows you to inspect the distribution of losses, which can be very useful for understanding how your model is performing across all instances in complex datasets. For instance, it can help detect if your model is only doing well on easy instances or if it's also managing to learn from the harder instances. 

So, both ways of logging the loss offer distinct insights and together provide a more comprehensive overview of your model's learning progress."
"
The user has just finished running their script for training a neural network with wandb. They got an output link to view their project and run, and they're curious about what kind of information they can find through that link.
","
What sort of information can I expect to find when I follow the link provided in the console output after running my script?
","
Following the link will take you to the Weights & Biases dashboard for your specific run. Here, you will find a wealth of information about your run like the run data, graphs created during the run, and logged artifacts. In this particular scenario, it includes information such as average loss, all losses in a histogram, epoch number for each training iteration, and even the source code as an artifact."
"A user is trying to execute and understand a script using the wandb library for the first time. They have initiated a neural network and trained it to categorize types of clothing from fashion MNIST dataset. Now, they are seeing various links appearing in the console output and are confused about what these links are used for.
","Hey, what is this link that appears in my console output after running my script? Can I access something useful there?
","Yes, the link in the console output points to the W&B dashboard pages for your project and specific run. For example, you can see `https://wandb.ai/username/launch-quickstart` and `https://wandb.ai/username/launch-quickstart/runs/p89pnj2u`, these are the web URLs for your project and specific run respectively. You can visit these URLs to see a detailed visualization and logging of your training run including metrics, model parameters, and other metadata."
"
The user has just completed running the mentioned script to train a neural network using the fashion MNIST dataset. They are tracking the training with `wandb` and have logged the source code as an 'Artifact' with `wandb.run.log_code()`. They noticed that some information is logged on the console output, particularly a link to view the project and the run. They are uncertain what this means or how they can use this to analyze their training run.
","
What is the purpose of the URL link I see in the console output after running the script? It appears right after ""View run at"". Can I use this somehow?
","
Yes, you can indeed use that! The URL you see ('https://wandb.ai/username/launch-quickstart/runs/p89pnj2u' in this case) is a direct address to where your run details are saved on the Weights & Biases web interface. When you click on it, you will be brought to a page displaying information about your specific run, including generated graphs, performance metrics, and logged artifacts. This allows for easy remote access and sharing of your experiment results."
"
The user has created a report within their team project on Weights & Biases and wants to collaborate with his team members on this report. They are unsure of how to allow editing access to other team members for this report.
","
Hey there, I've just made a report in our group project. Can you guide me how to give edit permissions to my team members so they can work on it too?
","
Yes, sure! On team projects, both the admin and the member who created the report have the ability to set permissions for other team members. To allow your team members to edit the report:
1. Go to your report. 
2. In the upper right-hand corner, find the **Share** button and click it.
3. Here you can toggle permissions between edit or view-only access for your team members.
Remember, only those with edit permissions can modify the report, others can only view it."
"
The user has created a W&B report within their team project and wants to share it with their colleagues for collaborative editing. However, they have doubts about how to provide access for editing to their team members and are clueless about handling any potential edit conflicts.
","
Heya! Could you assist me on how to share a report with my team for collaborative editing in W&B? And what happens if two people try editing the same report simultaneously?
","
Sure, happy to help! Once you've saved your report, you can select the **Share** button to initiate collaboration. Both the administrator or the member who created the report, can alter permissions between 'edit' or 'view' access for other team members.

If you and another collaborator end up editing the same report simultaneously, an edit conflict might occur. But worry not, a warning notification will pop up guiding you to resolve any potential edit conflicts.

Also, remember that sharing a report makes it view-only for the others. However, within team projects, you can toggle permissions to provide 'edit' access to other team members."
"
A user has recently created a report in Weights & Biases and wants to share it with a team member. However, they are unaware of how to do it, and are also wary about the process as they want specific people to only view it and not make any changes to it.
","
""How do I share my report with a team member and ensure that they can't edit the report in W&B?""
","
You can share your report with your team using the **Share** button located on the upper right hand corner. You can provide the email of your team member or copy a magic link for them. They will need to log into Weights & Biases if invited by email. The magic link enables them to view the report without logging in. However, please note, shared reports are view-only, which means the team member you're sharing the report with won't be able to edit it."
"The user has just created a report within their team project on Weights & Biases. They want to share this report with their team members, but they are unsure about permissions, the visibility of the report and the steps to share it. They are also curious about how others can view or edit the shared report.
","Hi, I just finished my first report on W&B and wanted to share it with my team. Can you guide me through this process? And, do I have control over who can view or edit my report?
","
Of course! To share your report, you can simply select the **Share** button. You may share the report via email or a magic link. Users invited by email need to have a Weights & Biases account to view the report, while those with the magic link can view it without logging in.

Reports you create within your private project are only visible to you. You can, however, share your project with your team or with the public. Within team projects, both you as the creator and the administrator can control permissions. You can toggle between granting edit or view-only access to other team members. 

Shared reports are typically view-only unless you grant specific edit rights. This allows you to control who can modify your report."
"A user is part of a team project and needs to share a report with their colleagues. However, they're worried that multiple team members editing the report simultaneously might lead to loss of data or inconsistent report versions. They aren't sure how W&B handles this issue.
","Hey, I want to share a report with my team but I'm not sure what happens if two of us try to edit it simultaneously?
","
In Weights & Biases, if you and another collaborator make changes to the same report at the same time, a warning notification will appear to indicate an edit conflict. This alert is there to help you avoid potential data loss and to guide you towards resolving the conflict. As a side note, always remember to select **Save to report** once you're done editing to publish your changes to the shared report."
